país Name,país Code,serie Name,serie Code,1999 [YR1999],2000 [YR2000],2001 [YR2001],2002 [YR2002],2003 [YR2003],2004 [YR2004],2005 [YR2005],2006 [YR2006],2007 [YR2007],2008 [YR2008],2009 [YR2009],2010 [YR2010],2011 [YR2011],2012 [YR2012],2013 [YR2013],2014 [YR2014],2015 [YR2015],2016 [YR2016],2017 [YR2017],2018 [YR2018],2019 [YR2019],2020 [YR2020],2021 [YR2021],2022 [YR2022],2023 [YR2023]
Chile,CHL,Crecimiento del PIB (% anual),NY.GDP.MKTP.KD.ZG,-0.273631397756063,4.9716214885003,3.154034924374,3.20279913985533,4.72324526681116,6.67425416745972,5.83704571525745,6.04999082904382,5.16823098722429,3.7893928023371,-1.1180372326977,5.85165101730949,6.22389678693851,6.15534002096459,3.30850824469113,1.79264947361806,2.15194249853634,1.75303874553305,1.35769537797211,3.99002947521676,0.743130031576072,-6.14524685814565,11.7374310662749,2.44040340034618,..
Chile,CHL,Emisiones de CO2 (kg por PPA del PIB),EN.ATM.CO2E.PP.GD,0.40198526812476,0.346904117158582,0.315846834577556,0.305681400282875,0.292533646077262,0.292445771800092,0.27277383084043,0.223173455908475,0.23196851042587,0.24656553814542,0.241223310641401,0.226564285796094,0.219020458720888,0.209482026910899,0.211369388620991,0.190022046286256,0.20286181250783,0.203621108842946,0.193254546120782,0.181096849512541,0.186727898645355,0.1725967721972,..,..,..
Chile,CHL,Consumo de energía eléctrica (kWh per cápita),EG.USE.ELEC.KH.PC,2390.81574627992,2497.75286922399,2627.35492152849,2726.23757549961,2896.06378970021,3063.87215455445,3097.06564529115,3226.34656855168,3346.48072709117,3347.66540895391,3306.86875955947,3318.30524785638,3596.10664594956,3820.37105668158,3893.50611153389,3895.43615609742,..,..,..,..,..,..,..,..,..
Chile,CHL,Crecimiento de la población (%) anual,SP.POP.GROW,1.19092710984963,1.14904172536735,1.11531304820862,1.08792963607244,1.04791320216262,0.996674255969576,0.97751001174206,0.979795955667856,0.980589313160657,1.00084678976019,1.02694120751704,1.0090337555584,0.991361115471139,0.974635115583974,0.964976309009339,1.00681495918115,1.02942555374852,1.18906102612278,1.56205545588869,1.79596279901203,1.7913919716665,1.36064363430941,0.994344898418259,0.565514127974157,..
"Chile,CHL,""Población, total"",SP.POP.TOTL,15176410,15351799,15523978,15693790,15859112,16017966,16175311,16334575,16495538,16661462,16833447,17004162,17173573,17341771,17509925,17687108,17870124,18083879,18368577,18701450,19039485,19300315,19493184,19603733,.."
Argentina,ARG,Crecimiento del PIB (% anual),NY.GDP.MKTP.KD.ZG,-3.38545704063269,-0.78899893905691,-4.40883968258557,-10.8944848285903,8.83704079576924,9.02957330068152,8.85165992013437,8.04715150043027,9.00765087504757,4.05723310346406,-5.91852507634947,10.1253981561002,6.00395169280579,-1.0264204544321,2.40532378079436,-2.51261532081394,2.73115982828944,-2.08032784377811,2.81850297775918,-2.61739646282038,-2.00086100285785,-9.9004848136464,10.7180099337095,4.95636996008236,..
Argentina,ARG,Emisiones de CO2 (kg por PPA del PIB),EN.ATM.CO2E.PP.GD,0.318909972217278,0.309098398743112,0.299469331026383,0.310336852519235,0.303881207332858,0.300607089537799,0.276513839985252,0.263431028788317,0.247307122050128,0.239510370829821,0.236825362388163,0.226963218591912,0.221559767294129,0.217225326053705,0.215944186907021,0.214211222036683,0.214470095609291,0.207510182430541,0.173088212215521,0.162282196562438,0.158998418705971,0.152703549466824,..,..,..
Argentina,ARG,Consumo de energía eléctrica (kWh per cápita),EG.USE.ELEC.KH.PC,2023.46157948029,2077.53957335771,2108.99040202059,2003.66751741611,2169.48754386443,2282.82256318506,2397.48653338231,2362.85310598862,2443.84413515149,2759.51327028767,2716.59821526407,2877.65265331343,2929.07502855568,3000.60352326565,2967.37655805218,3074.70207056563,..,..,..,..,..,..,..,..,..
Argentina,ARG,Crecimiento de la población (%) anual,SP.POP.GROW,1.15204385364535,1.13327702210541,1.0991714603689,1.07353834961783,1.03236085902218,1.01533668354561,1.03347622351885,1.03467173566483,1.00629733064648,0.992294094354656,1.01428389337816,0.255582398485167,1.15305928006386,1.13690569378967,1.11910919999772,1.09946109101836,1.07800134449604,1.05718157762752,1.03713389686514,1.01580834908002,0.993397493293046,0.970053991438048,0.947490959333989,0.925835473662058,..
"Argentina,ARG,""Población, total"",SP.POP.TOTL,36653031,37070774,37480493,37885028,38278164,38668796,39070501,39476851,39876111,40273769,40684338,40788453,41261490,41733271,42202935,42669500,43131966,43590368,44044811,44494502,44938712,45376763,45808747,46234830,.."
Brasil,BRA,Crecimiento del PIB (% anual),NY.GDP.MKTP.KD.ZG,0.467937566477133,4.38794944745618,1.38989640095637,3.05346185909312,1.14082899824888,5.75996463670954,3.20213206130431,3.96198871122617,6.06987060678338,5.09419544658736,-0.125812002161169,7.52822581815364,3.97442307944702,1.92117598576537,3.00482266944432,0.503955740242247,-3.54576339269425,-3.27591690782192,1.32286905404399,1.783666761634,1.22077782360842,-3.2767587964736,4.98884970066018,2.90053061522693,..
Brasil,BRA,Emisiones de CO2 (kg por PPA del PIB),EN.ATM.CO2E.PP.GD,0.203093912243854,0.198282497191757,0.194733927049188,0.185120791423294,0.175565357787363,0.17087516285771,0.162089052695907,0.153039578140064,0.147572240649517,0.146013433675891,0.136078220833996,0.142172847746463,0.140810297037507,0.151808698792545,0.156012864991483,0.161556319264226,0.162370150175431,0.153746296287714,0.152899613062689,0.136119543851417,0.130278113850276,0.123263767585532,..,..,..
Brasil,BRA,Consumo de energía eléctrica (kWh per cápita),EG.USE.ELEC.KH.PC,1820.04593204693,1885.66546497112,1737.97615659531,1797.26816236679,1873.81236868275,1948.58174018788,2008.56721006521,2065.19220177374,2160.23263259907,2222.41579209327,2189.997777527,2366.38012019669,2422.57622111654,2492.83786417253,2560.09555974195,2610.99928167575,..,..,..,..,..,..,..,..,..
Brasil,BRA,Crecimiento de la población (%) anual,SP.POP.GROW,1.42022228691432,1.36677132973907,1.32069475807143,1.26284153622856,1.18566943930002,1.13939301199192,1.11720287765336,1.07735384590771,1.03202723327326,0.987284202776065,0.953147864558066,0.93941802248079,0.928589629509177,0.900343360601223,0.868346150167205,0.857834828724811,0.845992601345206,0.8112564782781,0.79226340042227,0.793768153848091,0.766107802084815,0.665176682246802,0.528590452919416,0.459583548488331,..
"Brasil,BRA,""Población, total"",SP.POP.TOTL,173486281,175873720,178211881,180476685,182629278,184722043,186797334,188820682,190779453,192672317,194517549,196353492,198185302,199977707,201721767,203459650,205188205,206859578,208504960,210166592,211782878,213196304,214326223,215313498,.."
Colombia,COL,Crecimiento del PIB (% anual),NY.GDP.MKTP.KD.ZG,-4.20401524244947,2.92486148176778,1.67789830787579,2.50398046659659,3.91827190322513,5.33302206759905,4.82876110773741,6.71686869844402,6.73819469090975,3.28344618616541,1.13964864548062,4.49465897070922,6.94789198173555,3.91263576716115,5.13399351995672,4.49903000110972,2.95590137527523,2.08738250162794,1.35936086788746,2.56432428277704,3.18685539245533,-7.25229907492306,11.0161932669779,7.25656287393603,..
Colombia,COL,Emisiones de CO2 (kg por PPA del PIB),EN.ATM.CO2E.PP.GD,0.222255622759458,0.222760678275668,0.216410447920889,0.200155553918956,0.18671792612968,0.172304289294025,0.163812614963218,0.148922774469044,0.139391321308218,0.133724718189911,0.136544976676959,0.132159941558504,0.131674593847307,0.127021557259146,0.131779954971875,0.12878474729322,0.129377904039485,0.125528106459443,0.109179246528786,0.106217119129324,0.098053023902556,0.100689297562639,..,..,..
Colombia,COL,Consumo de energía eléctrica (kWh per cápita),EG.USE.ELEC.KH.PC,836.61973283786,854.542512731373,874.996470067743,882.359121027437,885.510184731059,921.55092739991,918.406837933973,970.66110302058,998.416360820164,998.372418336941,1076.09534945873,1104.49126907673,1148.56024199573,1177.56998281677,1317.96557501601,1320.34513000325,..,..,..,..,..,..,..,..,..
Colombia,COL,Crecimiento de la población (%) anual,SP.POP.GROW,1.6742155832136,1.61983140551157,1.57553237214944,1.53486691614177,1.48113157054236,1.42817053070487,1.36565233876962,1.29886517669187,1.23996744251378,1.16787354604705,1.13154130595269,1.12688471543895,1.09358307436582,1.03966499994087,0.990034781454962,0.947136923375947,0.941994067106625,1.068611890834,1.51228960592288,1.89558675057496,1.83074694246543,1.47010203160178,1.14382091580962,0.691481571303501,..
"Colombia,COL,""Población, total"",SP.POP.TOTL,38585033,39215135,39837875,40454050,41057687,41648268,42220940,42772910,43306582,43815313,44313917,44816108,45308899,45782417,46237930,46677947,47119728,47625955,48351671,49276961,50187406,50930662,51516562,51874024,.."
Bolivia,BOL,Crecimiento del PIB (% anual),NY.GDP.MKTP.KD.ZG,0.426885422588825,2.50781080899483,1.68379912721825,2.48556573783829,2.71133983700673,4.17329558916248,4.42143312687979,4.79700882356067,4.56438426887887,6.14849787462164,3.35699957430565,4.1267225910567,5.204092443086,5.12227558091757,6.79601142810841,5.46056950635136,4.85718717971413,4.26392086382113,4.19520633360395,4.22362365271844,2.21670563961031,-8.7378843576993,6.11137272458573,3.60568038279472,..
Bolivia,BOL,Emisiones de CO2 (kg por PPA del PIB),EN.ATM.CO2E.PP.GD,0.300471126652589,0.280499788481577,0.259954947310157,0.266591758625677,0.270987928664523,0.26770322325818,0.261835940474649,0.262773622297066,0.271925116695288,0.268804131849627,0.275386268395641,0.283127176705325,0.286767742065575,0.274912149203367,0.257460496708271,0.2547704965004,0.253915888082179,0.252752494698478,0.224020884916987,0.212377646347621,0.203857924260345,0.187494872547879,..,..,..
Bolivia,BOL,Consumo de energía eléctrica (kWh per cápita),EG.USE.ELEC.KH.PC,409.1691815621,407.440958883959,408.754363667214,422.33188545065,429.925746722727,439.982339944353,469.213815190328,499.126920860561,530.215158819469,519.300815244591,537.541498293209,586.30946849687,617.915351368177,642.591741276973,682.934157682116,728.222906191974,..,..,..,..,..,..,..,..,..
Bolivia,BOL,Crecimiento de la población (%) anual,SP.POP.GROW,1.81906465021901,1.80379049207336,1.76981723900868,1.75107228754869,1.74628939852943,1.73917027368374,1.7329882488039,1.74713275481179,1.75023288737608,1.72976143588269,1.71311404940389,1.69628237644672,1.67782849865133,1.65463539887486,1.62957319915505,1.60331510672219,1.5731449401483,1.54728829634713,1.52010888105833,1.48747419672442,1.45750439141779,1.33973922043111,1.19348671867883,1.1902748132628,..
"Bolivia,BOL,""Población, total"",SP.POP.TOTL,8439052,8592656,8746084,8900583,9057378,9216279,9377388,9542663,9711152,9880593,10051317,10223270,10396246,10569697,10743349,10916987,11090085,11263015,11435533,11606905,11777315,11936162,12079472,12224110,.."
El Salvador,SLV,Crecimiento del PIB (% anual),NY.GDP.MKTP.KD.ZG,2.16203373722973,1.12790697674419,0.879613659882722,1.57291844759789,1.56539303147618,0.889404485692197,2.68083009363194,4.3369986028604,1.84760220587859,2.15440283228119,-2.10876803551609,2.15419501133786,3.77358490566037,2.88770053475935,2.18295218295219,1.7293997965412,2.40000008852115,2.53906241135864,2.28571437002014,2.4208565263835,2.36363628316258,-7.81527508113207,11.1753370825566,2.59965337755526,..
El Salvador,SLV,Emisiones de CO2 (kg por PPA del PIB),EN.ATM.CO2E.PP.GD,0.220603332115129,0.214284327033683,0.216478041358644,0.212240213000606,0.224773871619536,0.222520383837286,0.215141222394702,0.211692164716419,0.213403691053686,0.185648777018284,0.182085951786573,0.172499677173889,0.168807728364428,0.16510085183209,0.14827197045814,0.142549361284344,0.142634501553927,0.135893279845483,0.11390040650569,0.119570710954763,0.130336850800466,0.10884543437146,..,..,..
El Salvador,SLV,Consumo de energía eléctrica (kWh per cápita),EG.USE.ELEC.KH.PC,580.872040692441,607.705116840162,620.230640963445,661.756449338951,689.912755405022,688.740492953954,757.22732239152,823.109235063559,891.112386544898,864.685958485516,855.333967692345,866.858116915935,891.101353369346,927.078733037843,971.443222869995,949.991996168468,..,..,..,..,..,..,..,..,..
El Salvador,SLV,Crecimiento de la población (%) anual,SP.POP.GROW,0.656606870781475,0.582883767568532,0.4957580845353,0.386354097488165,0.258744779316872,0.14600619513778,0.035814056190455,-0.0560127440734922,0.160532322783851,0.395765788534978,0.379776014021418,0.374364787171041,0.380610550595593,0.389311893511473,0.394479107083525,0.385376455719377,0.346286117647337,0.311563471293443,0.257949946994399,0.154476680476382,0.0617207329334854,0.199062369975812,0.340068122361035,0.351368233858255,..
"El Salvador,SLV,""Población, total"",SP.POP.TOTL,5923852,5958482,5988095,6011275,6026849,6035655,6037817,6034436,6044131,6068099,6091188,6114034,6137349,6161289,6185642,6209526,6231066,6250510,6266654,6276342,6280217,6292731,6314167,6336392,.."
Puerto Rico,PRI,Crecimiento del PIB (% anual),NY.GDP.MKTP.KD.ZG,5.38969992777254,3.2719645286232,6.3134715546886,0.916459383541564,0.0534198046896961,8.74867692653547,-1.98693873332242,-1.40941402442895,-1.16280669029354,-1.8441342497794,-1.9524251417231,-0.413254118484915,-0.358510628287519,0.0292751104899338,-0.306826657099961,-1.19036345385329,-1.04944365110551,-1.26300292505279,-2.88595475858821,-4.36060606060606,1.67506310530929,-4.20280671867371,0.432646953579919,3.36097255511649,..
Puerto Rico,PRI,Emisiones de CO2 (kg por PPA del PIB),EN.ATM.CO2E.PP.GD,..,..,..,..,..,..,..,..,..,..,..,..,..,..,..,..,..,..,..,..,..,..,..,..,..
Puerto Rico,PRI,Consumo de energía eléctrica (kWh per cápita),EG.USE.ELEC.KH.PC,..,..,..,..,..,..,..,..,..,..,..,..,..,..,..,..,..,..,..,..,..,..,..,..,..
Puerto Rico,PRI,Crecimiento de la población (%) anual,SP.POP.GROW,0.500714523269446,0.276558688867414,0.214145951376015,0.128937305848895,0.0625899064015263,0.0204626359646878,-0.144242360500613,-0.423467205495354,-0.585620757159528,-0.58667739163101,-0.54540189449208,-0.506170056982176,-1.15654029293994,-1.20998793422288,-1.14593097838135,-1.6331283312239,-1.75920825815177,-1.93497109034618,-2.4180176217623,-4.0483910336329,0.0106465459574109,2.71397643163413,-0.576507689869367,-1.26161326518099,..
"Puerto Rico,PRI,""Población, total"",SP.POP.TOTL,3800081,3810605,3818774,3823701,3826095,3826878,3821362,3805214,3782995,3760866,3740410,3721525,3678732,3634488,3593077,3534874,3473232,3406672,3325286,3193354,3193694,3281557,3262693,3221789,.."
México,MEX,Crecimiento del PIB (% anual),NY.GDP.MKTP.KD.ZG,2.75503039300564,5.02928399378261,-0.450845253215945,-0.236588001922641,1.18554486144255,3.56544103201486,2.11324711473297,4.80501352193184,2.07786393942817,0.943331858052289,-6.29525055291316,4.9713345620779,3.44404507835114,3.55321075014902,0.852101564092919,2.50376350288664,2.70232342550646,1.77249323408108,1.87172852475888,1.97208211117706,-0.278148781271128,-8.65158681905974,5.83782952301841,3.89823146126129,..
México,MEX,Emisiones de CO2 (kg por PPA del PIB),EN.ATM.CO2E.PP.GD,0.331559064241173,0.328475467608487,0.322399173572809,0.323177747412734,0.325693525092384,0.313380868405306,0.308026348882577,0.287438522887507,0.279570831146411,0.265522325308555,0.263505226322903,0.256064765143824,0.240417297152635,0.23128276535543,0.221238880671489,0.205035849296076,0.204256278925827,0.193828695154406,0.187674280876852,0.170703367847381,0.171227267902407,0.15616495929919,..,..,..
México,MEX,Consumo de energía eléctrica (kWh per cápita),EG.USE.ELEC.KH.PC,1709.35096046798,1819.34952282561,1850.83070367182,1857.99072012398,2013.74916587621,1937.62494310377,2007.04835991881,2033.684424427,2063.93226158251,2067.79465417394,2020.71279466653,2046.82382987634,2246.91125042215,2283.07135491459,2172.17588786206,2186.37582152033,..,..,..,..,..,..,..,..,..
México,MEX,Crecimiento de la población (%) anual,SP.POP.GROW,1.64054838334199,1.58455078746177,1.54194113014521,1.52045522318023,1.48740053113001,1.4696529746789,1.42951167105736,1.36053857389621,1.31623681916458,1.26753574174522,1.23674369230562,1.32657895725526,1.4276397653994,1.39661546186197,1.317160792789,1.2414667155537,1.16700884975484,1.13323428792033,1.08042073770937,0.951668643927897,0.860265089734684,0.727243815691995,0.559420832085433,0.628607802526073,..
"México,MEX,""Población, total"",SP.POP.TOTL,96334810,97873442,99394288,100917081,102429341,103945813,105442402,106886790,108302973,109684489,111049428,112532401,114150481,115755909,117290686,118755887,120149897,121519221,122839258,124013861,125085311,125998302,126705138,127504125,.."
Costa Rica,CRI,Crecimiento del PIB (% anual),NY.GDP.MKTP.KD.ZG,4.21481116768969,3.86871809125479,3.49116987088031,3.41687638944796,4.31717986447036,4.42459959836211,3.97666636845196,7.32669543218398,8.21513198440249,4.73817487709474,-0.87345594081205,5.36034347694341,4.40315923935717,4.88259241031079,2.49476611386375,3.54210987593986,3.65208096806472,4.20432325432709,4.15769896239459,2.61590440285156,2.41751181706449,-4.27335432054194,7.93576224703865,4.55149177962382,..
Costa Rica,CRI,Emisiones de CO2 (kg por PPA del PIB),EN.ATM.CO2E.PP.GD,0.172360003515424,0.159453301179256,0.165175484312118,0.160181719640511,0.158097213407718,0.151119618020573,0.148752212168439,0.14051585674663,0.14659105135861,0.135750595580427,0.130338499714776,0.120659069998502,0.118401260739922,0.110390281894538,0.108283069507238,0.100219777757189,0.089272694503848,0.0856980614543802,0.081153207378142,0.0766217271585858,0.0681854723517448,0.062623920221446,..,..,..
Costa Rica,CRI,Consumo de energía eléctrica (kWh per cápita),EG.USE.ELEC.KH.PC,1429.47585885175,1500.55551464832,1478.82351373796,1550.22663969031,1633.95493970553,1668.54778028593,1709.03455071924,1809.20256216521,1870.48749115713,1872.75609678624,1827.91318321844,1869.65141666876,1866.48250421054,1922.90112323351,1919.84405832369,1922.88319769593,..,..,..,..,..,..,..,..,..
Costa Rica,CRI,Crecimiento de la población (%) anual,SP.POP.GROW,2.07208096201444,1.97358823214158,1.84330854695316,1.69774908835068,1.58793253810516,1.52086528848105,1.47252758666781,1.43284202712965,1.40273700394929,1.38455388597677,1.35039395502168,1.2873898093698,1.24002656207939,1.20358030533586,1.1532718484809,1.09494595424381,1.04634340433544,1.01547072688832,0.978713315995535,0.934615300864476,0.865128346659953,0.755771068349343,0.600406861056438,0.520031291578434,..
"Costa Rica,CRI,""Población, total"",SP.POP.TOTL,3901430,3979193,4053222,4122623,4188610,4252800,4315887,4378172,4440019,4501921,4563127,4622252,4679926,4736593,4791535,4844288,4895242,4945205,4993842,5040734,5084532,5123105,5153957,5180829,.."
Venezuela,VEN,Crecimiento del PIB (% anual),NY.GDP.MKTP.KD.ZG,-5.97045814641,3.68694416687683,3.3942361077907,-8.85564735286779,-7.75530004959883,18.2866066891245,10.3179138043148,9.87214910851037,8.7535788078585,5.27785412398782,-3.20230265749002,-1.48879125078348,4.17642535923927,5.62595697508641,1.34309403607476,-3.89438647450662,..,..,..,..,..,..,..,..,..
Venezuela,VEN,Emisiones de CO2 (kg por PPA del PIB),EN.ATM.CO2E.PP.GD,0.468562920570813,0.463227429843044,0.452420451631482,0.50656595793554,0.519481743653087,0.43977649755433,0.408030118359784,0.360637716966182,0.311627055093568,0.308227614717077,0.319483234172883,0.344644614486691,0.316071801782,..,..,..,..,..,..,..,..,..,..,..,..
Venezuela,VEN,Consumo de energía eléctrica (kWh per cápita),EG.USE.ELEC.KH.PC,2577.59014910527,2641.91566886959,2706.73032691896,2733.45679505082,2640.90929383409,2772.15092717496,2860.91023644309,2971.4323413025,2988.72697887314,3091.91366612666,3058.57562574723,3165.06809571659,3233.31337308131,3292.11393143757,3292.71167146105,2705.6040126574,..,..,..,..,..,..,..,..,..
Venezuela,VEN,Crecimiento de la población (%) anual,SP.POP.GROW,1.95132966201454,1.9042706267462,1.83535055290849,1.79537122177653,1.7651559616598,1.71089322511207,1.67071492636166,1.61167342545955,1.5487692066186,1.47403998165424,1.40082958318807,1.35734981460765,1.31857718723776,1.27810796850367,1.23962007374554,1.18352016638979,1.10818499531086,0.691185784244756,-0.580806784389088,-2.44354322482875,-2.90499574537726,-1.67498559751263,-1.02517870784193,0.360447056123405,..
"Venezuela,VEN,""Población, total"",SP.POP.TOTL,23966960,24427729,24880203,25330929,25782029,26226927,26668785,27102081,27525097,27933833,28327892,28715022,29096159,29470426,29838021,30193258,30529716,30741464,30563433,29825653,28971683,28490453,28199867,28301696,.."
República Dominicana,DOM,Crecimiento del PIB (% anual),NY.GDP.MKTP.KD.ZG,5.94004913628554,4.6617622800146,2.45951636772918,4.49510340292099,-1.34570618506442,2.57013427930197,9.4282369467968,9.1743554058408,7.41595171481455,3.20950426157958,0.946155167790621,8.33965105962218,3.13342300326755,2.71736789670562,4.87520509332271,7.05046368965911,6.9270187716221,6.65920026269582,4.66670467732366,6.98252758458058,5.05216802016253,-6.72023937283404,12.2719902347896,4.85832403582451,..
República Dominicana,DOM,Emisiones de CO2 (kg por PPA del PIB),EN.ATM.CO2E.PP.GD,0.332949818611614,0.326396940738428,0.316767421231817,0.328369686981628,0.29266448182871,0.256458532539431,0.245757664626484,0.237968602873678,0.218445228411258,0.207211192015185,0.194803848319808,0.186925080675769,0.179558059020367,0.182457784209665,0.167877854488508,0.15405588773764,0.152285864993303,0.142864659834882,0.129542033380284,0.129881474685714,0.119970944332273,0.108993616966997,..,..,..
República Dominicana,DOM,Consumo de energía eléctrica (kWh per cápita),EG.USE.ELEC.KH.PC,1270.42264438604,1316.97403671393,1277.76547345496,1379.29058461068,1354.61888829546,1119.96657793261,1225.56293841808,1320.85072135705,1349.89597122207,1368.48379304392,1315.91207808491,1383.32026528897,1415.0214207021,1484.41582704293,1535.09123858884,1597.14222219845,..,..,..,..,..,..,..,..,..
República Dominicana,DOM,Crecimiento de la población (%) anual,SP.POP.GROW,1.5485138848381,1.52687888895349,1.49044315561471,1.4436803902991,1.40844926048238,1.37256671456504,1.33615456062027,1.29440166190212,1.2633758696885,1.27601221390825,1.30524977858784,1.31483782216629,1.30068199219472,1.27563736367599,1.2499609813316,1.2237834052777,1.1960440040584,1.16332018268349,1.13014592909379,1.10483767973875,1.07497482890671,1.07655224672892,1.06892666709415,0.992978304770296,..
"República Dominicana,DOM,""Población, total"",SP.POP.TOTL,8411374,8540791,8669040,8795101,8919852,9043127,9164768,9284168,9402206,9522948,9648061,9775755,9903737,10030882,10157051,10282115,10405832,10527592,10647244,10765531,10881882,10999664,11117873,11228821,.."
Paraguay,PRY,Crecimiento del PIB (% anual),NY.GDP.MKTP.KD.ZG,-1.36607971240079,-2.31414056819045,-0.834054716746095,-0.0214043949985694,4.32074548551591,4.05741836363771,2.13349066459601,4.80711719268376,5.42162287218235,6.4962921197091,-0.261137328080281,11.0952312685521,4.28637120702282,-0.708043112316886,8.29307648940471,5.30123859237025,2.95715173487106,4.26802583314583,4.81007885554041,3.20425034076639,-0.40185510068001,-0.819785390971916,4.01673731780312,0.0754394653406791,..
Paraguay,PRY,Emisiones de CO2 (kg por PPA del PIB),EN.ATM.CO2E.PP.GD,0.120458966564643,0.0996092250795738,0.100756379341977,0.103640096033679,0.101610362568741,0.0959674445061371,0.0847962718854713,0.0839199064433811,0.0729210498539053,0.0780677813026657,0.0821757994095911,0.0806972126713479,0.0784312822887486,0.0801483109579415,0.0730102489900163,0.0735469524461213,0.0815388376357107,0.0863504459102428,0.0894030751622325,0.091993216740677,0.0878837121907345,0.0801728391628326,..,..,..
Paraguay,PRY,Consumo de energía eléctrica (kWh per cápita),EG.USE.ELEC.KH.PC,888.97183483349,918.455550440014,906.641624809246,921.968965548551,879.465087963321,872.178252261128,914.024376661302,978.738588986707,1050.24109392511,1107.14546367961,1174.38195453492,1268.76252575792,1381.26013977901,1473.32864902499,1585.83947255019,1682.06686860226,..,..,..,..,..,..,..,..,..
Paraguay,PRY,Crecimiento de la población (%) anual,SP.POP.GROW,2.06213058619071,1.92694524157704,1.69755299380957,1.42830817376899,1.25459291928333,1.17127562545308,1.11178740173656,1.04976165973902,0.997237882485964,0.979118914218707,1.01212367069034,1.15140184845157,1.29733854365491,1.34923843816846,1.38035856649557,1.40654396942745,1.4220035710818,1.42498352233719,1.40691381584073,1.37397022115058,1.33657480808218,1.34872957032065,1.27761600231743,1.14124498151162,..
"Paraguay,PRY,""Población, total"",SP.POP.TOTL,5026031,5123819,5211541,5286512,5353254,5416324,5476878,5534675,5590145,5645148,5702574,5768613,5843939,5923322,6005652,6090721,6177950,6266615,6355404,6443328,6530026,6618695,6703799,6780744,.."
Ecuador,ECU,Crecimiento del PIB (% anual),NY.GDP.MKTP.KD.ZG,-4.73938579085588,1.0918015643576,4.01562989958492,4.09677665885357,2.72287733695474,8.21102091734038,5.29130826699402,4.40352643383186,2.1900639722454,6.35713059990832,0.566491592100093,3.52529866894027,7.86814091910996,5.641962066712,4.94651126690626,3.78886854920833,0.0988726083462694,-1.22638398463879,2.36838652633651,1.28929193290502,0.0121051028476558,-7.78760709093422,4.23525124172572,2.94766863298817,..
Ecuador,ECU,Emisiones de CO2 (kg por PPA del PIB),EN.ATM.CO2E.PP.GD,0.302129577170718,0.298155558634651,0.308296731052642,0.290666242093882,0.283035424131705,0.270443896104631,0.268475870334095,0.266303166191312,0.258030698447646,0.246217175535782,0.264847379643664,0.272981795014897,0.246871384983061,0.231964284426006,0.225718713988173,0.222401706581094,0.229020567785861,0.216532556820892,0.195356131388592,0.193675708630269,0.181353286613134,0.164366341254204,..,..,..
Ecuador,ECU,Consumo de energía eléctrica (kWh per cápita),EG.USE.ELEC.KH.PC,636.317332372117,637.626859114718,650.34341542083,692.316631918222,719.48482180233,827.583068068615,797.74803391602,865.582639692982,955.806743482506,1080.30760174127,1107.32273713087,1139.59125619555,1212.51672165299,1276.23025826274,1328.05537165993,1375.86215410283,..,..,..,..,..,..,..,..,..
Ecuador,ECU,Crecimiento de la población (%) anual,SP.POP.GROW,1.72566651819784,1.71308817043169,1.71968558942167,1.73709315382378,1.7486932014909,1.73957986039204,1.72443317741318,1.72111503482542,1.7181335805958,1.70420581194769,1.68247933289289,1.66031048053538,1.64188311720888,1.60252187198822,1.5324232376039,1.48359860231919,1.47983523757956,1.49338987255655,1.55335626648726,1.89090930713133,1.90968326333656,1.40190462603926,1.18206337539033,1.13559975243065,..
"Ecuador,ECU,""Población, total"",SP.POP.TOTL,12412046,12626507,12845521,13070609,13301184,13534593,13770012,14009061,14251835,14496797,14742766,14989585,15237728,15483883,15722989,15957994,16195902,16439585,16696944,17015672,17343740,17588595,17797737,18001000,.."
Guatemala,GTM,Crecimiento del PIB (% anual),NY.GDP.MKTP.KD.ZG,3.8470621889051,3.6088687174876,2.33257486608854,3.83928708556792,2.56037766801896,3.13791683609193,3.27602692588886,5.35139778711536,6.33771869016203,3.29352400028485,0.476898106596394,2.88417542800377,4.16390688293349,2.97470856847661,3.69481919881751,4.44397758285268,4.09217081621244,2.67780255532826,3.07985149125689,3.40687339997949,4.0178979343828,-1.79185769458479,8.0024080363912,4.11800416923388,..
Guatemala,GTM,Emisiones de CO2 (kg por PPA del PIB),EN.ATM.CO2E.PP.GD,0.157905507751632,0.171238819634815,0.170523319787156,0.172450336421889,0.166058332166098,0.159939313235778,0.160982603288946,0.148135380544376,0.146117342360041,0.125745781314887,0.131104373214385,0.121605780878121,0.117330836675627,0.109182691698786,0.106075532416053,0.102472041329899,0.10702411214386,0.106189361055751,0.0933026536172679,0.099180446972064,0.0977440874342572,0.0863092204082817,..,..,..
Guatemala,GTM,Consumo de energía eléctrica (kWh per cápita),EG.USE.ELEC.KH.PC,365.570814735784,332.189766467143,359.5987555137,364.848193680388,453.874217157589,486.906435428558,486.164507257019,540.439086891798,552.496149555944,540.857288279409,549.921108213531,556.043060412196,550.28693631484,550.265993466894,578.902618927796,601.189731088787,..,..,..,..,..,..,..,..,..
Guatemala,GTM,Crecimiento de la población (%) anual,SP.POP.GROW,2.36947641185089,2.43394364463754,2.40240090043075,2.29788241650457,2.18074524550455,2.12598597102736,2.07717063066365,2.02622809680574,1.97596216713401,1.92744763752889,1.88106343818981,1.83655642844003,1.81948775605672,1.77749578673149,1.75716769812924,1.72875760277972,1.69146509302391,1.65807331834237,1.62765379973835,1.60038598150372,1.56038604781094,1.51998785357799,1.4803168061015,1.43986849494773,..
"Guatemala,GTM,""Población, total"",SP.POP.TOTL,11311078,11589761,11871565,12147518,12415334,12682108,12948292,13213330,13477017,13739299,14000190,14259687,14521515,14781942,15043981,15306316,15567419,15827690,16087418,16346950,16604026,16858333,17109746,17357886,.."
Honduras,HND,Crecimiento del PIB (% anual),NY.GDP.MKTP.KD.ZG,-0.735651085447699,7.29128815869618,2.72319327321379,3.75433786119939,4.54703805165397,6.23230296069102,6.05059922215973,6.56724355177587,6.18832716678008,4.23160011009342,-2.43162787988011,3.73114034433009,3.83569066207505,4.12868774866939,2.79155975746801,3.0580805621437,3.84007997093951,3.89297219726413,4.84291391050387,3.84499476966735,2.65306625480355,-8.96476018404584,12.5340960157739,3.99794981468288,..
Honduras,HND,Emisiones de CO2 (kg por PPA del PIB),EN.ATM.CO2E.PP.GD,0.305953640752218,0.293065084909007,0.324487827155417,0.323221788526528,0.334973574454564,0.345044465504357,0.291081117675416,0.302997328621623,0.297397233617419,0.281626772914728,0.269633087054504,0.252199463591898,0.28427390128756,0.285274635295443,0.263337863527646,0.244522514826121,0.235436601931156,0.212944624848418,0.173997412901072,0.164172111685183,0.175789634423539,0.158907046592622,..,..,..
Honduras,HND,Consumo de energía eléctrica (kWh per cápita),EG.USE.ELEC.KH.PC,439.221813191012,482.369333268236,489.188066268092,509.97819344641,533.055183777682,531.597404829505,565.395744633599,575.582296131798,625.657615621098,646.277970869847,614.813860844995,608.098537759085,653.058554684347,625.656322125771,631.53851330321,608.139094371224,..,..,..,..,..,..,..,..,..
Honduras,HND,Crecimiento de la población (%) anual,SP.POP.GROW,2.64099963918582,2.73138300029784,2.68473415634022,2.62751491094002,2.5592129363433,2.48929432977264,2.42460040894439,2.35921073577649,2.28811343765187,2.21289893099486,2.14336495538161,2.07597795876773,2.00986802562652,1.95084289919704,1.89595914681821,1.84861910603263,1.8093624065659,1.77333693683233,1.73985038012617,1.7097289071087,1.68069668453135,1.622836376932,1.5351396675707,1.49211855882432,..
"Honduras,HND,""Población, total"",SP.POP.TOTL,6477365,6656725,6837861,7019908,7201881,7383407,7564613,7745200,7924462,8101777,8277302,8450933,8622504,8792367,8960657,9127846,9294505,9460798,9626842,9792850,9958829,10121763,10278345,10432860,.."
Perú,PER,Crecimiento del PIB (% anual),NY.GDP.MKTP.KD.ZG,1.49491064308833,2.69437139806912,0.617892325624297,5.45352893818767,4.16502313666112,4.95820320611745,6.28506032509601,7.5288990440594,8.5183877690955,9.1265683014642,1.0958236592427,8.33245910749577,6.32719240161117,6.13972470560435,5.85251821084928,2.38215737180541,3.25224477218451,3.95331871520767,2.51883544233135,3.969351341365,2.24063176875049,-10.8696407826493,13.4175302909947,2.68387143477631,..
Perú,PER,Emisiones de CO2 (kg por PPA del PIB),EN.ATM.CO2E.PP.GD,0.229060229404816,0.214821562261091,0.193507072217277,0.18881206653809,0.174079462862654,0.18578231411456,0.169778401273385,0.150971591706356,0.148480328912348,0.151209143298042,0.159787363481859,0.159296586287117,0.15795169973915,0.151380820624268,0.147780475471431,0.153280443063355,0.154402542430418,0.152664784461525,0.137599997345951,0.130859561327176,0.129444812756491,0.112601105034968,..,..,..
Perú,PER,Consumo de energía eléctrica (kWh per cápita),EG.USE.ELEC.KH.PC,637.888448295782,661.315738065243,686.361741955155,720.956953195747,745.999551611081,784.974183075296,821.323079075493,874.13874835903,957.714313446178,1033.52804267556,1040.35509132477,1099.70819962742,1253.55688114424,1227.98335129941,1289.83143106639,1334.19204636655,..,..,..,..,..,..,..,..,..
Perú,PER,Crecimiento de la población (%) anual,SP.POP.GROW,1.6670604009319,1.52044227070086,1.34331954460691,1.17608515721159,1.05113533724533,0.974731754515074,0.904184155760706,0.827239266792745,0.769759369616088,0.716987182658426,0.702724346623641,0.756357202975091,0.845382115888711,0.918055908591097,0.967486220265649,1.04365112789631,1.17223066396866,1.36122543775229,1.50694618507609,1.87582164020533,1.90972560807882,1.45140240084226,1.22566025209601,0.986112053718798,..
"Perú,PER,""Población, total"",SP.POP.TOTL,26252239,26654439,27014909,27334503,27623341,27893911,28147267,28381078,28600387,28806185,29009326,29229572,29477721,29749589,30038809,30353951,30711863,31132779,31605486,32203944,32824861,33304756,33715471,34049588,.."
Uruguay,URY,Crecimiento del PIB (% anual),NY.GDP.MKTP.KD.ZG,-1.52094591992036,-1.92993063549235,-3.84412995940374,-7.73200721540044,0.805283915893824,5.00416035564457,7.4601321302473,4.09857735445401,6.54151084504817,7.17614466455107,4.24349419462426,7.8034096507169,5.16213302463606,3.53817872056869,4.63753862902416,3.23879122952364,0.370741257681345,1.68979815933486,1.74037649262446,0.156000001137912,0.744431644977666,-6.26297681887324,5.27655886746021,4.92187446326928,..
Uruguay,URY,Emisiones de CO2 (kg por PPA del PIB),EN.ATM.CO2E.PP.GD,0.190597876642791,0.152929377056222,0.140943937519427,0.137769848985226,0.132707774497834,0.149796302667323,0.13406706757437,0.146071178011417,0.123430200457864,0.149580629510222,0.141028696445157,0.105960987658014,0.119476896697932,0.130991053994915,0.106447873048858,0.0885665225528964,0.0891618022975416,0.0845387905676142,0.0763073666680109,0.0792443028495513,0.0779293019725578,0.074351500002485,..,..,..
Uruguay,URY,Consumo de energía eléctrica (kWh per cápita),EG.USE.ELEC.KH.PC,1932.31823597888,2048.15954199957,2016.09299656855,2010.62108774964,1893.23793532842,1934.93815711927,2004.42178459851,2226.78267528163,2421.40134246576,2597.62371085505,2674.51638021671,2821.3494336273,2828.383909387,2953.30976262283,3008.71293453765,3093.17378913347,..,..,..,..,..,..,..,..,..
Uruguay,URY,Crecimiento de la población (%) anual,SP.POP.GROW,0.497735084108038,0.403611037153845,0.264364920924121,0.166541088046771,0.113683038515289,0.10866542041562,0.116535331321663,0.139067397498697,0.19152206004265,0.224313675740569,0.240409128463508,0.253703132150146,0.267668153797056,0.28208319300115,0.297587135386814,0.309530574282718,0.328384512874787,0.32121688556848,0.24675383930737,0.141387931879728,0.0398806735871464,0.0197448194187447,-0.0824466091158564,-0.101211066400464,..
"Uruguay,URY,""Población, total"",SP.POP.TOTL,3278963,3292224,3300939,3306441,3310202,3313801,3317665,3322282,3328651,3336126,3344156,3352651,3361637,3371133,3381180,3391662,3402818,3413766,3422200,3427042,3428409,3429086,3426260,3422794,.."
Cuba,CUB,Crecimiento del PIB (% anual),NY.GDP.MKTP.KD.ZG,6.1887553068506,5.91476001879718,3.18502990449461,1.42482126141282,3.79274022304334,5.77053807021559,11.2016565561279,12.0658629777336,7.26213696647943,4.11682804164681,1.4513054307407,2.39035229650723,2.80230083647626,3.01490028898772,2.74760256257211,1.04757663187654,4.4383335888395,0.512843095700745,1.80979177212284,2.24794854086232,-0.163087223606624,-10.9490846048862,1.25369342501311,1.77485399483382,..
Cuba,CUB,Emisiones de CO2 (kg por PPA del PIB),EN.ATM.CO2E.PP.GD,..,..,..,..,..,..,..,..,..,..,..,..,..,..,..,..,..,..,..,..,..,..,..,..,..
Cuba,CUB,Consumo de energía eléctrica (kWh per cápita),EG.USE.ELEC.KH.PC,1081.92396559596,1140.0358605704,1160.50387072524,1188.26673217517,1196.60151240931,1177.96469295147,1156.66620487752,1227.28479667656,1300.27923083878,1318.7475064534,1328.08245189634,1295.70059281247,1325.19553117126,1372.85364510062,1430.63083338464,1447.66699264545,..,..,..,..,..,..,..,..,..
Cuba,CUB,Crecimiento de la población (%) anual,SP.POP.GROW,0.32877557025507,0.32194458830191,0.299718119482692,0.277231369135209,0.260768627095581,0.232575967917871,0.185302193413535,0.128992465660705,0.0821729969258322,0.0596278925041623,0.0582984063263004,0.0640748450108155,0.0734247089104104,0.0935951943767368,0.108603882669157,0.0922325673162479,0.069407446002465,0.0186756792498581,-0.0494478967755684,-0.0720152370566522,-0.101983052203958,-0.141475202325743,-0.393012541562472,-0.393269982974889,..
"Cuba,CUB,""Población, total"",SP.POP.TOTL,11070094,11105791,11139127,11170051,11199217,11225294,11246114,11260630,11269887,11276609,11283185,11290417,11298710,11309290,11321579,11332026,11339894,11342012,11336405,11328244,11316697,11300698,11256372,11212191,.."
Nicaragua,NIC,Crecimiento del PIB (% anual),NY.GDP.MKTP.KD.ZG,7.03597046846845,4.10159023598223,2.96084342724237,0.753938857526009,2.52073289236674,5.31217061215412,4.28239836333562,4.15319956587842,5.07670170064878,3.43637382878192,-3.29356384667199,4.41048139816023,6.31747638326586,6.49597922902167,4.92679226883017,4.78517074681967,4.79270223158466,4.56292760915053,4.63082155203914,-3.36264928841204,-2.89702791954369,-1.7662584519904,10.3468976209071,3.75057439088158,..
Nicaragua,NIC,Emisiones de CO2 (kg por PPA del PIB),EN.ATM.CO2E.PP.GD,0.267538915912923,0.267369359593525,0.2645743729974,0.267615018109966,0.287472835213548,0.264041473601052,0.235034111366257,0.229447318489556,0.219567977155451,0.199706049977417,0.200248198021318,0.194630737414778,0.189392822679081,0.176148380393586,0.158698830356502,0.154784287310935,0.157776699630098,0.147579918549044,0.138066807654623,0.132281772666209,0.132335471674553,0.111665910608175,..,..,..
Nicaragua,NIC,Consumo de energía eléctrica (kWh per cápita),EG.USE.ELEC.KH.PC,324.958345528347,341.191539230586,340.473782363304,349.685853182141,365.20333597467,390.997550602714,411.20667434448,423.522612255645,457.070259884479,470.133676902477,475.337306665692,503.779714037557,524.858591921688,564.785601184093,581.104716671414,562.277690122661,..,..,..,..,..,..,..,..,..
Nicaragua,NIC,Crecimiento de la población (%) anual,SP.POP.GROW,1.50287682750751,1.44194534225615,1.34825800349086,1.26759174707907,1.21066661820809,1.1795695481415,1.26291919571256,1.36800486065092,1.39429680103578,1.4217078710387,1.44691351664322,1.4638532507888,1.4717486887592,1.47088300051398,1.46129517647149,1.44870479177075,1.43794002440995,1.42874739634574,1.41880628469208,1.40510472256985,1.38548472522896,1.37069568464204,1.39120241997296,1.41827846169398,..
"Nicaragua,NIC,""Población, total"",SP.POP.TOTL,5049878,5123222,5192764,5259006,5323062,5386223,5454678,5529811,5607453,5687744,5770639,5855734,5942553,6030607,6119379,6208676,6298598,6389235,6480532,6572233,6663924,6755895,6850540,6948392,.."
Panamá,PAN,Crecimiento del PIB (% anual),NY.GDP.MKTP.KD.ZG,3.9172067072643,2.71537380193523,0.574273151095085,2.229149322718,4.20549590588261,7.52207972029464,7.19127934529205,8.65246568580307,11.9839851119737,9.85565510810169,1.24299212683259,5.82799344815517,11.3136259692698,9.77849011059975,6.90394810915348,5.06642233879558,5.73305430915852,4.9532114714853,5.59114887414709,3.68542981594908,3.28187497706709,-17.6683327218533,15.835765045402,10.8093661181786,..
Panamá,PAN,Emisiones de CO2 (kg por PPA del PIB),EN.ATM.CO2E.PP.GD,0.200592011797731,0.201240663987092,0.230272975350568,0.193020368617968,0.185516851688795,0.17058839955249,0.195756727409277,0.183957729162925,0.159820678013485,0.139181931679757,0.16282211958213,0.160629067500079,0.153725069934452,0.141862344901136,0.121442416774586,0.112708614200085,0.0978221788480472,0.0869514791389537,0.0735890411474437,0.0733320855096014,0.0931416603709662,0.0825767987998839,..,..,..
Panamá,PAN,Consumo de energía eléctrica (kWh per cápita),EG.USE.ELEC.KH.PC,1231.00655087118,1278.59558368155,1301.19855316391,1336.11450212913,1371.31915685402,1435.5700085499,1465.87825043226,1488.1672447057,1582.05439189839,1636.49451431017,1648.61886027843,1754.32447744891,1833.45017748925,1963.58747671685,2025.87637077672,2070.82248913738,..,..,..,..,..,..,..,..,..
Panamá,PAN,Crecimiento de la población (%) anual,SP.POP.GROW,1.9883993241869,1.97188791278722,1.95603782398984,1.94007586747458,1.92364701840572,1.92079922199436,1.91043496107333,1.87901413538404,1.85414918870892,1.8381638086969,1.81636347456987,1.78967209984493,1.77943456083626,1.77844896646925,1.76061359830409,1.74411571812086,1.74123543377264,1.73456002172234,1.71694872170027,1.67512297561619,1.60228973055272,1.4510521369147,1.3156150150044,1.30858019134362,..
"Panamá,PAN,""Población, total"",SP.POP.TOTL,2943120,3001731,3061024,3120990,3181608,3243311,3305868,3368573,3431614,3495276,3559343,3623617,3688674,3754862,3821556,3888793,3957099,4026336,4096063,4165255,4232532,4294396,4351267,4408581,.."
